Year,Reporting Period,Eligibility Group,Number of Enrollees
2016,2016-10,MAGI-Child,"2,256,562"
2016,2016-10,MAGI-Adult,"4,539,084"
2016,2016-10,Non-MAGI-Child,"1,631,168"
2016,2016-10,Non-MAGI-Adult,"2,475,878"
2016,2016-10,CHIP,"1,286,660"
2016,2016-10,Non-CMSPI,"1,042,619"
2016,2016-11,MAGI-Child,"2,303,035"
2016,2016-11,MAGI-Adult,"4,596,581"
2016,2016-11,Non-MAGI-Child,"1,579,786"
2016,2016-11,Non-MAGI-Adult,"2,436,840"
2016,2016-11,CHIP,"1,293,363"
2016,2016-11,Non-CMSPI,"1,044,289"
2016,2016-12,MAGI-Child,"2,382,355"
2016,2016-12,MAGI-Adult,"4,727,949"
2016,2016-12,Non-MAGI-Child,"1,556,838"
2016,2016-12,Non-MAGI-Adult,"2,434,030"
2016,2016-12,CHIP,"1,304,180"
2016,2016-12,Non-CMSPI,"1,044,705"
2017,2017-01,MAGI-Child,"2,402,790"
2017,2017-01,MAGI-Adult,"4,724,754"
2017,2017-01,Non-MAGI-Child,"1,530,631"
2017,2017-01,Non-MAGI-Adult,"2,408,547"
2017,2017-01,CHIP,"1,293,727"
2017,2017-01,Non-CMSPI,"1,042,687"
2017,2017-02,MAGI-Child,"2,429,211"
2017,2017-02,MAGI-Adult,"4,753,515"
2017,2017-02,Non-MAGI-Child,"1,514,434"
2017,2017-02,Non-MAGI-Adult,"2,394,456"
2017,2017-02,CHIP,"1,291,844"
2017,2017-02,Non-CMSPI,"1,042,593"
2017,2017-03,MAGI-Child,"2,450,594"
2017,2017-03,MAGI-Adult,"4,769,837"
2017,2017-03,Non-MAGI-Child,"1,490,737"
2017,2017-03,Non-MAGI-Adult,"2,375,981"
2017,2017-03,CHIP,"1,289,592"
2017,2017-03,Non-CMSPI,"1,040,269"
2017,2017-04,MAGI-Child,"2,468,603"
2017,2017-04,MAGI-Adult,"4,780,691"
2017,2017-04,Non-MAGI-Child,"1,460,484"
2017,2017-04,Non-MAGI-Adult,"2,360,612"
2017,2017-04,CHIP,"1,288,589"
2017,2017-04,Non-CMSPI,"1,041,500"
2017,2017-05,MAGI-Child,"2,471,332"
2017,2017-05,MAGI-Adult,"4,781,276"
2017,2017-05,Non-MAGI-Child,"1,437,960"
2017,2017-05,Non-MAGI-Adult,"2,344,818"
2017,2017-05,CHIP,"1,287,877"
2017,2017-05,Non-CMSPI,"1,034,989"
2017,2017-06,MAGI-Child,"2,469,504"
2017,2017-06,MAGI-Adult,"4,778,144"
2017,2017-06,Non-MAGI-Child,"1,423,286"
2017,2017-06,Non-MAGI-Adult,"2,334,047"
2017,2017-06,CHIP,"1,288,447"
2017,2017-06,Non-CMSPI,"1,026,732"
2017,2017-07,MAGI-Child,"2,469,291"
2017,2017-07,MAGI-Adult,"4,777,136"
2017,2017-07,Non-MAGI-Child,"1,411,987"
2017,2017-07,Non-MAGI-Adult,"2,329,977"
2017,2017-07,CHIP,"1,288,998"
2017,2017-07,Non-CMSPI,"1,022,114"
2017,2017-08,MAGI-Child,"2,473,255"
2017,2017-08,MAGI-Adult,"4,797,055"
2017,2017-08,Non-MAGI-Child,"1,414,699"
2017,2017-08,Non-MAGI-Adult,"2,325,212"
2017,2017-08,CHIP,"1,300,715"
2017,2017-08,Non-CMSPI,"1,020,953"
2017,2017-09,MAGI-Child,"2,462,186"
2017,2017-09,MAGI-Adult,"4,785,204"
2017,2017-09,Non-MAGI-Child,"1,403,282"
2017,2017-09,Non-MAGI-Adult,"2,315,580"
2017,2017-09,CHIP,"1,302,635"
2017,2017-09,Non-CMSPI,"1,015,983"
2017,2017-10,MAGI-Child,"2,453,702"
2017,2017-10,MAGI-Adult,"4,771,095"
2017,2017-10,Non-MAGI-Child,"1,388,606"
2017,2017-10,Non-MAGI-Adult,"2,310,821"
2017,2017-10,CHIP,"1,303,336"
2017,2017-10,Non-CMSPI,"1,014,744"
2017,2017-11,MAGI-Child,"2,443,453"
2017,2017-11,MAGI-Adult,"4,763,338"
2017,2017-11,Non-MAGI-Child,"1,378,854"
2017,2017-11,Non-MAGI-Adult,"2,306,544"
2017,2017-11,CHIP,"1,302,155"
2017,2017-11,Non-CMSPI,"1,014,728"
2017,2017-12,MAGI-Child,"2,452,044"
2017,2017-12,MAGI-Adult,"4,790,763"
2017,2017-12,Non-MAGI-Child,"1,363,261"
2017,2017-12,Non-MAGI-Adult,"2,305,752"
2017,2017-12,CHIP,"1,308,726"
2017,2017-12,Non-CMSPI,"1,014,613"
2018,2018-01,MAGI-Child,"2,464,360"
2018,2018-01,MAGI-Adult,"4,797,628"
2018,2018-01,Non-MAGI-Child,"1,355,361"
2018,2018-01,Non-MAGI-Adult,"2,296,916"
2018,2018-01,CHIP,"1,314,526"
2018,2018-01,Non-CMSPI,"1,015,582"
2018,2018-02,MAGI-Child,"2,466,218"
2018,2018-02,MAGI-Adult,"4,794,113"
2018,2018-02,Non-MAGI-Child,"1,348,411"
2018,2018-02,Non-MAGI-Adult,"2,289,857"
2018,2018-02,CHIP,"1,317,347"
2018,2018-02,Non-CMSPI,"1,016,659"
2018,2018-03,MAGI-Child,"2,469,019"
2018,2018-03,MAGI-Adult,"4,788,035"
2018,2018-03,Non-MAGI-Child,"1,335,603"
2018,2018-03,Non-MAGI-Adult,"2,284,110"
2018,2018-03,CHIP,"1,317,035"
2018,2018-03,Non-CMSPI,"1,016,378"
2018,2018-04,MAGI-Child,"2,468,630"
2018,2018-04,MAGI-Adult,"4,774,618"
2018,2018-04,Non-MAGI-Child,"1,317,174"
2018,2018-04,Non-MAGI-Adult,"2,270,310"
2018,2018-04,CHIP,"1,316,781"
2018,2018-04,Non-CMSPI,"1,009,694"
2018,2018-05,MAGI-Child,"2,461,525"
2018,2018-05,MAGI-Adult,"4,759,362"
2018,2018-05,Non-MAGI-Child,"1,312,359"
2018,2018-05,Non-MAGI-Adult,"2,264,227"
2018,2018-05,CHIP,"1,312,237"
2018,2018-05,Non-CMSPI,"1,002,169"
2018,2018-06,MAGI-Child,"2,451,083"
2018,2018-06,MAGI-Adult,"4,739,125"
2018,2018-06,Non-MAGI-Child,"1,305,337"
2018,2018-06,Non-MAGI-Adult,"2,259,995"
2018,2018-06,CHIP,"1,308,792"
2018,2018-06,Non-CMSPI,"998,586"
2018,2018-07,MAGI-Child,"2,451,621"
2018,2018-07,MAGI-Adult,"4,740,976"
2018,2018-07,Non-MAGI-Child,"1,300,266"
2018,2018-07,Non-MAGI-Adult,"2,255,771"
2018,2018-07,CHIP,"1,310,504"
2018,2018-07,Non-CMSPI,"980,234"
2018,2018-08,MAGI-Child,"2,448,347"
2018,2018-08,MAGI-Adult,"4,740,109"
2018,2018-08,Non-MAGI-Child,"1,306,380"
2018,2018-08,Non-MAGI-Adult,"2,251,835"
2018,2018-08,CHIP,"1,308,428"
2018,2018-08,Non-CMSPI,"994,705"
2018,2018-09,MAGI-Child,"2,436,252"
2018,2018-09,MAGI-Adult,"4,730,875"
2018,2018-09,Non-MAGI-Child,"1,295,685"
2018,2018-09,Non-MAGI-Adult,"2,243,729"
2018,2018-09,CHIP,"1,305,080"
2018,2018-09,Non-CMSPI,"986,633"
2018,2018-10,MAGI-Child,"2,426,821"
2018,2018-10,MAGI-Adult,"4,736,567"
2018,2018-10,Non-MAGI-Child,"1,281,141"
2018,2018-10,Non-MAGI-Adult,"2,235,428"
2018,2018-10,CHIP,"1,305,036"
2018,2018-10,Non-CMSPI,"984,051"
2018,2018-11,MAGI-Child,"2,417,544"
2018,2018-11,MAGI-Adult,"4,733,012"
2018,2018-11,Non-MAGI-Child,"1,271,353"
2018,2018-11,Non-MAGI-Adult,"2,227,859"
2018,2018-11,CHIP,"1,305,175"
2018,2018-11,Non-CMSPI,"976,808"
2018,2018-12,MAGI-Child,"2,415,802"
2018,2018-12,MAGI-Adult,"4,735,912"
2018,2018-12,Non-MAGI-Child,"1,253,341"
2018,2018-12,Non-MAGI-Adult,"2,220,248"
2018,2018-12,CHIP,"1,302,373"
2018,2018-12,Non-CMSPI,"976,067"
2019,2019-01,MAGI-Child,"2,418,390"
2019,2019-01,MAGI-Adult,"4,731,516"
2019,2019-01,Non-MAGI-Child,"1,242,888"
2019,2019-01,Non-MAGI-Adult,"2,210,383"
2019,2019-01,CHIP,"1,311,217"
2019,2019-01,Non-CMSPI,"970,867"
2019,2019-02,MAGI-Child,"2,417,852"
2019,2019-02,MAGI-Adult,"4,720,088"
2019,2019-02,Non-MAGI-Child,"1,234,325"
2019,2019-02,Non-MAGI-Adult,"2,201,244"
2019,2019-02,CHIP,"1,310,759"
2019,2019-02,Non-CMSPI,"971,083"
2019,2019-03,MAGI-Child,"2,422,550"
2019,2019-03,MAGI-Adult,"4,723,692"
2019,2019-03,Non-MAGI-Child,"1,220,914"
2019,2019-03,Non-MAGI-Adult,"2,193,551"
2019,2019-03,CHIP,"1,313,436"
2019,2019-03,Non-CMSPI,"970,996"
2019,2019-04,MAGI-Child,"2,419,469"
2019,2019-04,MAGI-Adult,"4,708,741"
2019,2019-04,Non-MAGI-Child,"1,203,393"
2019,2019-04,Non-MAGI-Adult,"2,178,325"
2019,2019-04,CHIP,"1,314,445"
2019,2019-04,Non-CMSPI,"968,528"
2019,2019-05,MAGI-Child,"2,417,177"
2019,2019-05,MAGI-Adult,"4,693,222"
2019,2019-05,Non-MAGI-Child,"1,198,900"
2019,2019-05,Non-MAGI-Adult,"2,179,585"
2019,2019-05,CHIP,"1,309,770"
2019,2019-05,Non-CMSPI,"967,038"
2019,2019-06,MAGI-Child,"2,401,008"
2019,2019-06,MAGI-Adult,"4,671,220"
2019,2019-06,Non-MAGI-Child,"1,192,960"
2019,2019-06,Non-MAGI-Adult,"2,176,413"
2019,2019-06,CHIP,"1,302,406"
2019,2019-06,Non-CMSPI,"960,442"
2019,2019-07,MAGI-Child,"2,401,360"
2019,2019-07,MAGI-Adult,"4,670,799"
2019,2019-07,Non-MAGI-Child,"1,191,065"
2019,2019-07,Non-MAGI-Adult,"2,176,615"
2019,2019-07,CHIP,"1,303,661"
2019,2019-07,Non-CMSPI,"960,174"
2019,2019-08,MAGI-Child,"2,401,392"
2019,2019-08,MAGI-Adult,"4,666,242"
2019,2019-08,Non-MAGI-Child,"1,199,306"
2019,2019-08,Non-MAGI-Adult,"2,177,901"
2019,2019-08,CHIP,"1,307,840"
2019,2019-08,Non-CMSPI,"958,560"
2019,2019-09,MAGI-Child,"2,393,906"
2019,2019-09,MAGI-Adult,"4,654,012"
2019,2019-09,Non-MAGI-Child,"1,191,141"
2019,2019-09,Non-MAGI-Adult,"2,180,763"
2019,2019-09,CHIP,"1,308,209"
2019,2019-09,Non-CMSPI,"954,501"
2019,2019-10,MAGI-Child,"2,542,698"
2019,2019-10,MAGI-Adult,"4,733,005"
2019,2019-10,Non-MAGI-Child,"1,016,394"
2019,2019-10,Non-MAGI-Adult,"2,090,000"
2019,2019-10,CHIP,"1,315,429"
2019,2019-10,Non-CMSPI,"948,888"
2019,2019-11,MAGI-Child,"2,512,675"
2019,2019-11,MAGI-Adult,"4,694,345"
2019,2019-11,Non-MAGI-Child,"1,016,410"
2019,2019-11,Non-MAGI-Adult,"2,085,884"
2019,2019-11,CHIP,"1,313,350"
2019,2019-11,Non-CMSPI,"935,902"
2019,2019-12,MAGI-Child,"2,495,446"
2019,2019-12,MAGI-Adult,"4,677,323"
2019,2019-12,Non-MAGI-Child,"1,016,136"
2019,2019-12,Non-MAGI-Adult,"2,086,290"
2019,2019-12,CHIP,"1,313,128"
2019,2019-12,Non-CMSPI,"926,579"
2020,2020-01,MAGI-Child,"2,485,027"
2020,2020-01,MAGI-Adult,"4,713,873"
2020,2020-01,Non-MAGI-Child,"1,016,597"
2020,2020-01,Non-MAGI-Adult,"2,085,083"
2020,2020-01,CHIP,"1,314,322"
2020,2020-01,Non-CMSPI,"860,268"
2020,2020-02,MAGI-Child,"2,474,799"
2020,2020-02,MAGI-Adult,"4,697,858"
2020,2020-02,Non-MAGI-Child,"1,016,074"
2020,2020-02,Non-MAGI-Adult,"2,086,128"
2020,2020-02,CHIP,"1,315,742"
2020,2020-02,Non-CMSPI,"854,668"
2020,2020-03,MAGI-Child,"2,465,453"
2020,2020-03,MAGI-Adult,"4,695,745"
2020,2020-03,Non-MAGI-Child,"1,014,332"
2020,2020-03,Non-MAGI-Adult,"2,087,655"
2020,2020-03,CHIP,"1,313,692"
2020,2020-03,Non-CMSPI,"847,788"
2020,2020-04,MAGI-Child,"2,458,109"
2020,2020-04,MAGI-Adult,"4,741,995"
2020,2020-04,Non-MAGI-Child,"1,026,459"
2020,2020-04,Non-MAGI-Adult,"2,092,405"
2020,2020-04,CHIP,"1,303,740"
2020,2020-04,Non-CMSPI,"847,672"
2020,2020-05,MAGI-Child,"2,486,845"
2020,2020-05,MAGI-Adult,"4,822,463"
2020,2020-05,Non-MAGI-Child,"1,037,042"
2020,2020-05,Non-MAGI-Adult,"2,101,673"
2020,2020-05,CHIP,"1,292,104"
2020,2020-05,Non-CMSPI,"858,315"
2020,2020-06,MAGI-Child,"2,521,429"
2020,2020-06,MAGI-Adult,"4,891,653"
2020,2020-06,Non-MAGI-Child,"1,037,742"
2020,2020-06,Non-MAGI-Adult,"2,110,207"
2020,2020-06,CHIP,"1,286,680"
2020,2020-06,Non-CMSPI,"873,206"
2020,2020-07,MAGI-Child,"2,582,587"
2020,2020-07,MAGI-Adult,"5,003,706"
2020,2020-07,Non-MAGI-Child,"1,022,989"
2020,2020-07,Non-MAGI-Adult,"2,116,215"
2020,2020-07,CHIP,"1,290,559"
2020,2020-07,Non-CMSPI,"899,132"
2020,2020-08,MAGI-Child,"2,624,358"
2020,2020-08,MAGI-Adult,"5,075,306"
2020,2020-08,Non-MAGI-Child,"1,008,954"
2020,2020-08,Non-MAGI-Adult,"2,117,817"
2020,2020-08,CHIP,"1,290,420"
2020,2020-08,Non-CMSPI,"913,570"
2020,2020-09,MAGI-Child,"2,657,548"
2020,2020-09,MAGI-Adult,"5,148,842"
2020,2020-09,Non-MAGI-Child,"995,388"
2020,2020-09,Non-MAGI-Adult,"2,120,496"
2020,2020-09,CHIP,"1,290,325"
2020,2020-09,Non-CMSPI,"928,845"
2020,2020-10,MAGI-Child,"2,691,623"
2020,2020-10,MAGI-Adult,"5,217,484"
2020,2020-10,Non-MAGI-Child,"975,975"
2020,2020-10,Non-MAGI-Adult,"2,121,521"
2020,2020-10,CHIP,"1,291,535"
2020,2020-10,Non-CMSPI,"942,598"
2020,2020-11,MAGI-Child,"2,716,642"
2020,2020-11,MAGI-Adult,"5,274,715"
2020,2020-11,Non-MAGI-Child,"957,209"
2020,2020-11,Non-MAGI-Adult,"2,117,800"
2020,2020-11,CHIP,"1,292,683"
2020,2020-11,Non-CMSPI,"957,520"
2020,2020-12,MAGI-Child,"2,743,960"
2020,2020-12,MAGI-Adult,"5,356,294"
2020,2020-12,Non-MAGI-Child,"943,184"
2020,2020-12,Non-MAGI-Adult,"2,153,115"
2020,2020-12,CHIP,"1,294,596"
2020,2020-12,Non-CMSPI,"987,702"
2021,2021-01,MAGI-Child,"2,761,916"
2021,2021-01,MAGI-Adult,"5,434,897"
2021,2021-01,Non-MAGI-Child,"940,018"
2021,2021-01,Non-MAGI-Adult,"2,153,106"
2021,2021-01,CHIP,"1,297,062"
2021,2021-01,Non-CMSPI,"1,015,193"
2021,2021-02,MAGI-Child,"2,778,803"
2021,2021-02,MAGI-Adult,"5,484,425"
2021,2021-02,Non-MAGI-Child,"936,100"
2021,2021-02,Non-MAGI-Adult,"2,147,602"
2021,2021-02,CHIP,"1,296,194"
2021,2021-02,Non-CMSPI,"1,033,109"
2021,2021-03,MAGI-Child,"2,804,853"
2021,2021-03,MAGI-Adult,"5,543,801"
2021,2021-03,Non-MAGI-Child,"929,876"
2021,2021-03,Non-MAGI-Adult,"2,149,919"
2021,2021-03,CHIP,"1,296,129"
2021,2021-03,Non-CMSPI,"1,066,923"
2021,2021-04,MAGI-Child,"2,821,211"
2021,2021-04,MAGI-Adult,"5,597,602"
2021,2021-04,Non-MAGI-Child,"923,737"
2021,2021-04,Non-MAGI-Adult,"2,150,957"
2021,2021-04,CHIP,"1,297,297"
2021,2021-04,Non-CMSPI,"1,096,914"
2021,2021-05,MAGI-Child,"2,834,007"
2021,2021-05,MAGI-Adult,"5,643,730"
2021,2021-05,Non-MAGI-Child,"920,550"
2021,2021-05,Non-MAGI-Adult,"2,154,281"
2021,2021-05,CHIP,"1,297,661"
2021,2021-05,Non-CMSPI,"1,111,933"
2021,2021-06,MAGI-Child,"2,850,402"
2021,2021-06,MAGI-Adult,"5,688,414"
2021,2021-06,Non-MAGI-Child,"916,889"
2021,2021-06,Non-MAGI-Adult,"2,159,065"
2021,2021-06,CHIP,"1,298,671"
2021,2021-06,Non-CMSPI,"1,118,171"
2021,2021-07,MAGI-Child,"2,870,523"
2021,2021-07,MAGI-Adult,"5,738,842"
2021,2021-07,Non-MAGI-Child,"909,911"
2021,2021-07,Non-MAGI-Adult,"2,163,528"
2021,2021-07,CHIP,"1,300,638"
2021,2021-07,Non-CMSPI,"1,124,157"
2021,2021-08,MAGI-Child,"2,898,075"
2021,2021-08,MAGI-Adult,"5,784,836"
2021,2021-08,Non-MAGI-Child,"903,216"
2021,2021-08,Non-MAGI-Adult,"2,168,397"
2021,2021-08,CHIP,"1,303,934"
2021,2021-08,Non-CMSPI,"1,132,934"
2021,2021-09,MAGI-Child,"2,911,988"
2021,2021-09,MAGI-Adult,"5,827,748"
2021,2021-09,Non-MAGI-Child,"900,882"
2021,2021-09,Non-MAGI-Adult,"2,174,739"
2021,2021-09,CHIP,"1,305,388"
2021,2021-09,Non-CMSPI,"1,143,781"
2021,2021-10,MAGI-Child,"2,916,117"
2021,2021-10,MAGI-Adult,"5,870,262"
2021,2021-10,Non-MAGI-Child,"901,263"
2021,2021-10,Non-MAGI-Adult,"2,181,076"
2021,2021-10,CHIP,"1,304,474"
2021,2021-10,Non-CMSPI,"1,151,032"
2021,2021-11,MAGI-Child,"2,921,282"
2021,2021-11,MAGI-Adult,"5,911,210"
2021,2021-11,Non-MAGI-Child,"903,128"
2021,2021-11,Non-MAGI-Adult,"2,187,128"
2021,2021-11,CHIP,"1,304,262"
2021,2021-11,Non-CMSPI,"1,160,631"
2021,2021-12,MAGI-Child,"2,929,571"
2021,2021-12,MAGI-Adult,"5,961,288"
2021,2021-12,Non-MAGI-Child,"904,335"
2021,2021-12,Non-MAGI-Adult,"2,192,237"
2021,2021-12,CHIP,"1,304,864"
2021,2021-12,Non-CMSPI,"1,171,106"
2022,2022-01,MAGI-Child,"2,940,490"
2022,2022-01,MAGI-Adult,"6,017,871"
2022,2022-01,Non-MAGI-Child,"905,612"
2022,2022-01,Non-MAGI-Adult,"2,198,735"
2022,2022-01,CHIP,"1,306,185"
2022,2022-01,Non-CMSPI,"1,178,213"
2022,2022-02,MAGI-Child,"2,946,584"
2022,2022-02,MAGI-Adult,"6,051,765"
2022,2022-02,Non-MAGI-Child,"909,529"
2022,2022-02,Non-MAGI-Adult,"2,200,099"
2022,2022-02,CHIP,"1,303,379"
2022,2022-02,Non-CMSPI,"1,173,828"
2022,2022-03,MAGI-Child,"2,961,270"
2022,2022-03,MAGI-Adult,"6,099,075"
2022,2022-03,Non-MAGI-Child,"912,814"
2022,2022-03,Non-MAGI-Adult,"2,205,668"
2022,2022-03,CHIP,"1,303,410"
2022,2022-03,Non-CMSPI,"1,179,858"
2022,2022-04,MAGI-Child,"2,970,110"
2022,2022-04,MAGI-Adult,"6,140,086"
2022,2022-04,Non-MAGI-Child,"914,260"
2022,2022-04,Non-MAGI-Adult,"2,210,924"
2022,2022-04,CHIP,"1,299,168"
2022,2022-04,Non-CMSPI,"1,172,197"
2022,2022-05,MAGI-Child,"2,985,930"
2022,2022-05,MAGI-Adult,"6,171,482"
2022,2022-05,Non-MAGI-Child,"924,054"
2022,2022-05,Non-MAGI-Adult,"2,253,368"
2022,2022-05,CHIP,"1,291,149"
2022,2022-05,Non-CMSPI,"1,156,270"
2022,2022-06,MAGI-Child,"2,997,183"
2022,2022-06,MAGI-Adult,"6,206,022"
2022,2022-06,Non-MAGI-Child,"925,409"
2022,2022-06,Non-MAGI-Adult,"2,269,510"
2022,2022-06,CHIP,"1,290,078"
2022,2022-06,Non-CMSPI,"1,167,807"
2022,2022-07,MAGI-Child,"3,011,657"
2022,2022-07,MAGI-Adult,"6,246,298"
2022,2022-07,Non-MAGI-Child,"920,633"
2022,2022-07,Non-MAGI-Adult,"2,275,874"
2022,2022-07,CHIP,"1,289,851"
2022,2022-07,Non-CMSPI,"1,186,461"
2022,2022-08,MAGI-Child,"3,025,061"
2022,2022-08,MAGI-Adult,"6,296,106"
2022,2022-08,Non-MAGI-Child,"926,710"
2022,2022-08,Non-MAGI-Adult,"2,282,785"
2022,2022-08,CHIP,"1,290,162"
2022,2022-08,Non-CMSPI,"1,193,172"
2022,2022-09,MAGI-Child,"3,033,241"
2022,2022-09,MAGI-Adult,"6,340,395"
2022,2022-09,Non-MAGI-Child,"931,305"
2022,2022-09,Non-MAGI-Adult,"2,290,194"
2022,2022-09,CHIP,"1,290,309"
2022,2022-09,Non-CMSPI,"1,379,808"
2022,2022-10,MAGI-Child,"3,034,223"
2022,2022-10,MAGI-Adult,"6,386,173"
2022,2022-10,Non-MAGI-Child,"932,532"
2022,2022-10,Non-MAGI-Adult,"2,296,411"
2022,2022-10,CHIP,"1,290,410"
2022,2022-10,Non-CMSPI,"1,395,307"
2022,2022-11,MAGI-Child,"3,040,214"
2022,2022-11,MAGI-Adult,"6,438,251"
2022,2022-11,Non-MAGI-Child,"935,686"
2022,2022-11,Non-MAGI-Adult,"2,303,420"
2022,2022-11,CHIP,"1,291,945"
2022,2022-11,Non-CMSPI,"1,419,551"
2022,2022-12,MAGI-Child,"3,047,291"
2022,2022-12,MAGI-Adult,"6,490,615"
2022,2022-12,Non-MAGI-Child,"939,047"
2022,2022-12,Non-MAGI-Adult,"2,307,886"
2022,2022-12,CHIP,"1,293,168"
2022,2022-12,Non-CMSPI,"1,462,123"
2023,2023-01,MAGI-Child,"3,062,083"
2023,2023-01,MAGI-Adult,"6,557,346"
2023,2023-01,Non-MAGI-Child,"940,932"
2023,2023-01,Non-MAGI-Adult,"2,320,329"
2023,2023-01,CHIP,"1,295,928"
2023,2023-01,Non-CMSPI,"1,492,521"
2023,2023-02,MAGI-Child,"3,063,891"
2023,2023-02,MAGI-Adult,"6,590,832"
2023,2023-02,Non-MAGI-Child,"945,088"
2023,2023-02,Non-MAGI-Adult,"2,322,937"
2023,2023-02,CHIP,"1,296,054"
2023,2023-02,Non-CMSPI,"1,525,125"
2023,2023-03,MAGI-Child,"3,069,153"
2023,2023-03,MAGI-Adult,"6,638,622"
2023,2023-03,Non-MAGI-Child,"949,414"
2023,2023-03,Non-MAGI-Adult,"2,329,897"
2023,2023-03,CHIP,"1,298,557"
2023,2023-03,Non-CMSPI,"1,559,935"
2023,2023 -04,MAGI-Child,"3,068,464"
2023,2023 -04,MAGI-Adult,"6,684,151"
2023,2023 -04,Non-MAGI-Child,"950,655"
2023,2023 -04,Non-MAGI-Adult,"2,336,708"
2023,2023 -04,CHIP,"1,304,898"
2023,2023 -04,Non-CMSPI,"1,591,913"
2023,2023 -05,MAGI-Child,"3,072,221"
2023,2023 -05,MAGI-Adult,"6,735,770"
2023,2023 -05,Non-MAGI-Child,"957,484"
2023,2023 -05,Non-MAGI-Adult,"2,334,144"
2023,2023 -05,CHIP,"1,302,322"
2023,2023 -05,Non-CMSPI,"1,617,205"
2023,2023 -06,MAGI-Child,"3,075,761"
2023,2023 -06,MAGI-Adult,"6,781,755"
2023,2023 -06,Non-MAGI-Child,"962,146"
2023,2023 -06,Non-MAGI-Adult,"2,340,901"
2023,2023 -06,CHIP,"1,301,997"
2023,2023 -06,Non-CMSPI,"1,157,895"
2023,2023-07,MAGI-Child,"3,064,393"
2023,2023-07,MAGI-Adult,"6,741,863"
2023,2023-07,Non-MAGI-Child,"959,993"
2023,2023-07,Non-MAGI-Adult,"2,337,912"
2023,2023-07,CHIP,"1,295,716"
2023,2023-07,Non-CMSPI,"1,151,901"
2023,2023-08,MAGI-Child,"3,062,696"
2023,2023-08,MAGI-Adult,"6,741,865"
2023,2023-08,Non-MAGI-Child,"961,168"
2023,2023-08,Non-MAGI-Adult,"2,332,191"
2023,2023-08,CHIP,"1,299,553"
2023,2023-08,Non-CMSPI,"1,157,721"
2023,2023-09,MAGI-Child,"3,018,255"
2023,2023-09,MAGI-Adult,"6,616,582"
2023,2023-09,Non-MAGI-Child,"965,878"
2023,2023-09,Non-MAGI-Adult,"2,328,903"
2023,2023-09,CHIP,"1,290,312"
2023,2023-09,Non-CMSPI,"1,127,601"
2023,2023-10,MAGI-Child,"2,980,121"
2023,2023-10,MAGI-Adult,"6,527,959"
2023,2023-10,Non-MAGI-Child,"967,279"
2023,2023-10,Non-MAGI-Adult,"2,325,491"
2023,2023-10,CHIP,"1,284,914"
2023,2023-10,Non-CMSPI,"1,114,561"
2023,2023-11,MAGI-Child,"2,952,517"
2023,2023-11,MAGI-Adult,"6,447,190"
2023,2023-11,Non-MAGI-Child,"969,146"
2023,2023-11,Non-MAGI-Adult,"2,326,393"
2023,2023-11,CHIP,"1,281,440"
2023,2023-11,Non-CMSPI,"1,107,131"
2023,2023-12,MAGI-Child,"2,926,281"
2023,2023-12,MAGI-Adult,"6,307,965"
2023,2023-12,Non-MAGI-Child,"970,555"
2023,2023-12,Non-MAGI-Adult,"2,324,514"
2023,2023-12,CHIP,"1,276,313"
2023,2023-12,Non-CMSPI,"1,171,143"
2024,2024-01,MAGI-Child,"2,926,763"
2024,2024-01,MAGI-Adult,"6,332,029"
2024,2024-01,Non-MAGI-Child,"973,560"
2024,2024-01,Non-MAGI-Adult,"2,338,644"
2024,2024-01,CHIP,"1,265,948"
2024,2024-01,Non-CMSPI,"1,155,084"
2024,2024-02,MAGI-Child,"2,929,056"
2024,2024-02,MAGI-Adult,"6,320,789"
2024,2024-02,Non-MAGI-Child,"973,199"
2024,2024-02,Non-MAGI-Adult,"2,352,583"
2024,2024-02,CHIP,"1,263,939"
2024,2024-02,Non-CMSPI,"1,175,171"
2024,2024-03,MAGI-Child,"2,912,744"
2024,2024-03,MAGI-Adult,"6,282,493"
2024,2024-03,Non-MAGI-Child,"974,613"
2024,2024-03,Non-MAGI-Adult,"2,361,232"
2024,2024-03,CHIP,"1,259,829"
2024,2024-03,Non-CMSPI,"1,189,336"
2024,2024-04,MAGI-Child,"2,894,597"
2024,2024-04,MAGI-Adult,"6,222,965"
2024,2024-04,Non-MAGI-Child,"978,732"
2024,2024-04,Non-MAGI-Adult,"2,370,305"
2024,2024-04,CHIP,"1,251,557"
2024,2024-04,Non-CMSPI,"1,207,437"
2024,2024-05,MAGI-Child,"2,878,947"
2024,2024-05,MAGI-Adult,"6,170,279"
2024,2024-05,Non-MAGI-Child,"981,214"
2024,2024-05,Non-MAGI-Adult,"2,383,075"
2024,2024-05,CHIP,"1,248,542"
2024,2024-05,Non-CMSPI,"1,218,729"
2024,2024-06,MAGI-Child,"2,851,417"
2024,2024-06,MAGI-Adult,"6,105,467"
2024,2024-06,Non-MAGI-Child,"980,282"
2024,2024-06,Non-MAGI-Adult,"2,390,631"
2024,2024-06,CHIP,"1,241,686"
2024,2024-06,Non-CMSPI,"1,226,906"
2024,2024-07,MAGI-Child,"2,844,590"
2024,2024-07,MAGI-Adult,"6,086,184"
2024,2024-07,Non-MAGI-Child,"978,649"
2024,2024-07,Non-MAGI-Adult,"2,404,835"
2024,2024-07,CHIP,"1,239,792"
2024,2024-07,Non-CMSPI,"1,240,082"
2024,2024-08,MAGI-Child,"2,847,704"
2024,2024-08,MAGI-Adult,"6,075,406"
2024,2024-08,Non-MAGI-Child,"981,108"
2024,2024-08,Non-MAGI-Adult,"2,421,884"
2024,2024-08,CHIP,"1,241,267"
2024,2024-08,Non-CMSPI,"1,255,436"
2024,2024-09,MAGI-Child,"2,835,225"
2024,2024-09,MAGI-Adult,"6,050,421"
2024,2024-09,Non-MAGI-Child,"978,855"
2024,2024-09,Non-MAGI-Adult,"2,433,847"
2024,2024-09,CHIP,"1,241,447"
2024,2024-09,Non-CMSPI,"1,268,718"
2024,2024-10,MAGI-Child,"2,825,526"
2024,2024-10,MAGI-Adult,"6,034,821"
2024,2024-10,Non-MAGI-Child,"976,748"
2024,2024-10,Non-MAGI-Adult,"2,453,960"
2024,2024-10,CHIP,"1,239,944"
2024,2024-10,Non-CMSPI,"1,282,409"
2024,2024-11,MAGI-Child,"2,813,156"
2024,2024-11,MAGI-Adult,"6,011,345"
2024,2024-11,Non-MAGI-Child,"976,587"
2024,2024-11,Non-MAGI-Adult,"2,462,957"
2024,2024-11,CHIP,"1,238,508"
2024,2024-11,Non-CMSPI,"1,304,618"
2024,2024-12,MAGI-Child,"2,802,653"
2024,2024-12,MAGI-Adult,"6,006,569"
2024,2024-12,Non-MAGI-Child,"975,887"
2024,2024-12,Non-MAGI-Adult,"2,469,054"
2024,2024-12,CHIP,"1,232,909"
2024,2024-12,Non-CMSPI,"1,311,615"
